"id_forum","forum_name","id_discussion","discussion_name","id_post","userid"
485,FÓRUM TIRA DÚVIDAS,2120,ATIVIDADE I ,51978,1461
485,FÓRUM TIRA DÚVIDAS,2120,ATIVIDADE I ,55215,1607
485,FÓRUM TIRA DÚVIDAS,2162,Postagem,52086,1430
485,FÓRUM TIRA DÚVIDAS,2754,"1º forúm ",63702,1623
486,"1º FÓRUM TEMÁTICO - As Cantigas Medievais Trovadorescas",1867,"1º FÓRUM TEMÁTICO - As Cantigas Medievais Trovadorescas",52983,1592
486,"1º FÓRUM TEMÁTICO - As Cantigas Medievais Trovadorescas",1867,"1º FÓRUM TEMÁTICO - As Cantigas Medievais Trovadorescas",53005,389
486,"1º FÓRUM TEMÁTICO - As Cantigas Medievais Trovadorescas",1867,"1º FÓRUM TEMÁTICO - As Cantigas Medievais Trovadorescas",53162,1488
486,"1º FÓRUM TEMÁTICO - As Cantigas Medievais Trovadorescas",1867,"1º FÓRUM TEMÁTICO - As Cantigas Medievais Trovadorescas",53193,1546
486,"1º FÓRUM TEMÁTICO - As Cantigas Medievais Trovadorescas",1867,"1º FÓRUM TEMÁTICO - As Cantigas Medievais Trovadorescas",53258,1543
486,"1º FÓRUM TEMÁTICO - As Cantigas Medievais Trovadorescas",1867,"1º FÓRUM TEMÁTICO - As Cantigas Medievais Trovadorescas",53368,1443
486,"1º FÓRUM TEMÁTICO - As Cantigas Medievais Trovadorescas",1867,"1º FÓRUM TEMÁTICO - As Cantigas Medievais Trovadorescas",53377,1605
486,"1º FÓRUM TEMÁTICO - As Cantigas Medievais Trovadorescas",1867,"1º FÓRUM TEMÁTICO - As Cantigas Medievais Trovadorescas",53418,1554
486,"1º FÓRUM TEMÁTICO - As Cantigas Medievais Trovadorescas",1867,"1º FÓRUM TEMÁTICO - As Cantigas Medievais Trovadorescas",53423,1461
486,"1º FÓRUM TEMÁTICO - As Cantigas Medievais Trovadorescas",1867,"1º FÓRUM TEMÁTICO - As Cantigas Medievais Trovadorescas",53537,1490
486,"1º FÓRUM TEMÁTICO - As Cantigas Medievais Trovadorescas",1867,"1º FÓRUM TEMÁTICO - As Cantigas Medievais Trovadorescas",53570,1556
486,"1º FÓRUM TEMÁTICO - As Cantigas Medievais Trovadorescas",1867,"1º FÓRUM TEMÁTICO - As Cantigas Medievais Trovadorescas",53603,1430
486,"1º FÓRUM TEMÁTICO - As Cantigas Medievais Trovadorescas",1867,"1º FÓRUM TEMÁTICO - As Cantigas Medievais Trovadorescas",53607,1616
486,"1º FÓRUM TEMÁTICO - As Cantigas Medievais Trovadorescas",1867,"1º FÓRUM TEMÁTICO - As Cantigas Medievais Trovadorescas",54512,1614
486,"1º FÓRUM TEMÁTICO - As Cantigas Medievais Trovadorescas",1867,"1º FÓRUM TEMÁTICO - As Cantigas Medievais Trovadorescas",54556,467
486,"1º FÓRUM TEMÁTICO - As Cantigas Medievais Trovadorescas",1867,"1º FÓRUM TEMÁTICO - As Cantigas Medievais Trovadorescas",54617,1488
486,"1º FÓRUM TEMÁTICO - As Cantigas Medievais Trovadorescas",1867,"1º FÓRUM TEMÁTICO - As Cantigas Medievais Trovadorescas",54618,1488
486,"1º FÓRUM TEMÁTICO - As Cantigas Medievais Trovadorescas",1867,"1º FÓRUM TEMÁTICO - As Cantigas Medievais Trovadorescas",54619,1493
486,"1º FÓRUM TEMÁTICO - As Cantigas Medievais Trovadorescas",1867,"1º FÓRUM TEMÁTICO - As Cantigas Medievais Trovadorescas",54759,1601
486,"1º FÓRUM TEMÁTICO - As Cantigas Medievais Trovadorescas",1867,"1º FÓRUM TEMÁTICO - As Cantigas Medievais Trovadorescas",54769,1601
486,"1º FÓRUM TEMÁTICO - As Cantigas Medievais Trovadorescas",1867,"1º FÓRUM TEMÁTICO - As Cantigas Medievais Trovadorescas",54830,1527
486,"1º FÓRUM TEMÁTICO - As Cantigas Medievais Trovadorescas",1867,"1º FÓRUM TEMÁTICO - As Cantigas Medievais Trovadorescas",54903,1615
486,"1º FÓRUM TEMÁTICO - As Cantigas Medievais Trovadorescas",1867,"1º FÓRUM TEMÁTICO - As Cantigas Medievais Trovadorescas",54912,1426
486,"1º FÓRUM TEMÁTICO - As Cantigas Medievais Trovadorescas",1867,"1º FÓRUM TEMÁTICO - As Cantigas Medievais Trovadorescas",54923,1444
486,"1º FÓRUM TEMÁTICO - As Cantigas Medievais Trovadorescas",1867,"1º FÓRUM TEMÁTICO - As Cantigas Medievais Trovadorescas",55007,1624
486,"1º FÓRUM TEMÁTICO - As Cantigas Medievais Trovadorescas",1867,"1º FÓRUM TEMÁTICO - As Cantigas Medievais Trovadorescas",55051,1531
486,"1º FÓRUM TEMÁTICO - As Cantigas Medievais Trovadorescas",1867,"1º FÓRUM TEMÁTICO - As Cantigas Medievais Trovadorescas",55063,1602
486,"1º FÓRUM TEMÁTICO - As Cantigas Medievais Trovadorescas",1867,"1º FÓRUM TEMÁTICO - As Cantigas Medievais Trovadorescas",55115,1483
486,"1º FÓRUM TEMÁTICO - As Cantigas Medievais Trovadorescas",1867,"1º FÓRUM TEMÁTICO - As Cantigas Medievais Trovadorescas",55224,1607
486,"1º FÓRUM TEMÁTICO - As Cantigas Medievais Trovadorescas",1867,"1º FÓRUM TEMÁTICO - As Cantigas Medievais Trovadorescas",55307,1520
486,"1º FÓRUM TEMÁTICO - As Cantigas Medievais Trovadorescas",1867,"1º FÓRUM TEMÁTICO - As Cantigas Medievais Trovadorescas",55325,1592
486,"1º FÓRUM TEMÁTICO - As Cantigas Medievais Trovadorescas",1867,"1º FÓRUM TEMÁTICO - As Cantigas Medievais Trovadorescas",55385,1595
486,"1º FÓRUM TEMÁTICO - As Cantigas Medievais Trovadorescas",1867,"1º FÓRUM TEMÁTICO - As Cantigas Medievais Trovadorescas",55465,1426
486,"1º FÓRUM TEMÁTICO - As Cantigas Medievais Trovadorescas",1867,"1º FÓRUM TEMÁTICO - As Cantigas Medievais Trovadorescas",55555,1513
486,"1º FÓRUM TEMÁTICO - As Cantigas Medievais Trovadorescas",1867,"1º FÓRUM TEMÁTICO - As Cantigas Medievais Trovadorescas",55566,1551
486,"1º FÓRUM TEMÁTICO - As Cantigas Medievais Trovadorescas",1867,"1º FÓRUM TEMÁTICO - As Cantigas Medievais Trovadorescas",55614,1524
486,"1º FÓRUM TEMÁTICO - As Cantigas Medievais Trovadorescas",1867,"1º FÓRUM TEMÁTICO - As Cantigas Medievais Trovadorescas",55671,1476
486,"1º FÓRUM TEMÁTICO - As Cantigas Medievais Trovadorescas",1867,"1º FÓRUM TEMÁTICO - As Cantigas Medievais Trovadorescas",55723,1532
486,"1º FÓRUM TEMÁTICO - As Cantigas Medievais Trovadorescas",1867,"1º FÓRUM TEMÁTICO - As Cantigas Medievais Trovadorescas",55746,1437
486,"1º FÓRUM TEMÁTICO - As Cantigas Medievais Trovadorescas",1867,"1º FÓRUM TEMÁTICO - As Cantigas Medievais Trovadorescas",55748,1622
486,"1º FÓRUM TEMÁTICO - As Cantigas Medievais Trovadorescas",1867,"1º FÓRUM TEMÁTICO - As Cantigas Medievais Trovadorescas",55780,1484
486,"1º FÓRUM TEMÁTICO - As Cantigas Medievais Trovadorescas",1867,"1º FÓRUM TEMÁTICO - As Cantigas Medievais Trovadorescas",55844,1434
486,"1º FÓRUM TEMÁTICO - As Cantigas Medievais Trovadorescas",1867,"1º FÓRUM TEMÁTICO - As Cantigas Medievais Trovadorescas",55847,389
486,"1º FÓRUM TEMÁTICO - As Cantigas Medievais Trovadorescas",1867,"1º FÓRUM TEMÁTICO - As Cantigas Medievais Trovadorescas",55852,1452
486,"1º FÓRUM TEMÁTICO - As Cantigas Medievais Trovadorescas",1867,"1º FÓRUM TEMÁTICO - As Cantigas Medievais Trovadorescas",55914,1491
486,"1º FÓRUM TEMÁTICO - As Cantigas Medievais Trovadorescas",1867,"1º FÓRUM TEMÁTICO - As Cantigas Medievais Trovadorescas",55926,1549
486,"1º FÓRUM TEMÁTICO - As Cantigas Medievais Trovadorescas",1867,"1º FÓRUM TEMÁTICO - As Cantigas Medievais Trovadorescas",55943,1569
486,"1º FÓRUM TEMÁTICO - As Cantigas Medievais Trovadorescas",1867,"1º FÓRUM TEMÁTICO - As Cantigas Medievais Trovadorescas",55956,1593
486,"1º FÓRUM TEMÁTICO - As Cantigas Medievais Trovadorescas",1867,"1º FÓRUM TEMÁTICO - As Cantigas Medievais Trovadorescas",56136,1503
486,"1º FÓRUM TEMÁTICO - As Cantigas Medievais Trovadorescas",1867,"1º FÓRUM TEMÁTICO - As Cantigas Medievais Trovadorescas",56166,1496
486,"1º FÓRUM TEMÁTICO - As Cantigas Medievais Trovadorescas",1867,"1º FÓRUM TEMÁTICO - As Cantigas Medievais Trovadorescas",56284,1570
486,"1º FÓRUM TEMÁTICO - As Cantigas Medievais Trovadorescas",1867,"1º FÓRUM TEMÁTICO - As Cantigas Medievais Trovadorescas",56469,1601
486,"1º FÓRUM TEMÁTICO - As Cantigas Medievais Trovadorescas",1867,"1º FÓRUM TEMÁTICO - As Cantigas Medievais Trovadorescas",56516,1619
486,"1º FÓRUM TEMÁTICO - As Cantigas Medievais Trovadorescas",1867,"1º FÓRUM TEMÁTICO - As Cantigas Medievais Trovadorescas",56519,1610
486,"1º FÓRUM TEMÁTICO - As Cantigas Medievais Trovadorescas",1867,"1º FÓRUM TEMÁTICO - As Cantigas Medievais Trovadorescas",56584,498
486,"1º FÓRUM TEMÁTICO - As Cantigas Medievais Trovadorescas",1867,"1º FÓRUM TEMÁTICO - As Cantigas Medievais Trovadorescas",56666,1536
486,"1º FÓRUM TEMÁTICO - As Cantigas Medievais Trovadorescas",1867,"1º FÓRUM TEMÁTICO - As Cantigas Medievais Trovadorescas",56729,1479
486,"1º FÓRUM TEMÁTICO - As Cantigas Medievais Trovadorescas",1867,"1º FÓRUM TEMÁTICO - As Cantigas Medievais Trovadorescas",56923,1540
486,"1º FÓRUM TEMÁTICO - As Cantigas Medievais Trovadorescas",1867,"1º FÓRUM TEMÁTICO - As Cantigas Medievais Trovadorescas",56963,1502
486,"1º FÓRUM TEMÁTICO - As Cantigas Medievais Trovadorescas",1867,"1º FÓRUM TEMÁTICO - As Cantigas Medievais Trovadorescas",56989,1451
486,"1º FÓRUM TEMÁTICO - As Cantigas Medievais Trovadorescas",1867,"1º FÓRUM TEMÁTICO - As Cantigas Medievais Trovadorescas",57034,524
486,"1º FÓRUM TEMÁTICO - As Cantigas Medievais Trovadorescas",1867,"1º FÓRUM TEMÁTICO - As Cantigas Medievais Trovadorescas",57083,1567
486,"1º FÓRUM TEMÁTICO - As Cantigas Medievais Trovadorescas",1867,"1º FÓRUM TEMÁTICO - As Cantigas Medievais Trovadorescas",57090,1972
486,"1º FÓRUM TEMÁTICO - As Cantigas Medievais Trovadorescas",1867,"1º FÓRUM TEMÁTICO - As Cantigas Medievais Trovadorescas",57141,1564
486,"1º FÓRUM TEMÁTICO - As Cantigas Medievais Trovadorescas",1867,"1º FÓRUM TEMÁTICO - As Cantigas Medievais Trovadorescas",57220,1557
486,"1º FÓRUM TEMÁTICO - As Cantigas Medievais Trovadorescas",1867,"1º FÓRUM TEMÁTICO - As Cantigas Medievais Trovadorescas",57271,1413
486,"1º FÓRUM TEMÁTICO - As Cantigas Medievais Trovadorescas",1867,"1º FÓRUM TEMÁTICO - As Cantigas Medievais Trovadorescas",57527,1506
486,"1º FÓRUM TEMÁTICO - As Cantigas Medievais Trovadorescas",1867,"1º FÓRUM TEMÁTICO - As Cantigas Medievais Trovadorescas",57528,1443
486,"1º FÓRUM TEMÁTICO - As Cantigas Medievais Trovadorescas",1867,"1º FÓRUM TEMÁTICO - As Cantigas Medievais Trovadorescas",57586,1501
486,"1º FÓRUM TEMÁTICO - As Cantigas Medievais Trovadorescas",1867,"1º FÓRUM TEMÁTICO - As Cantigas Medievais Trovadorescas",57643,1625
486,"1º FÓRUM TEMÁTICO - As Cantigas Medievais Trovadorescas",1867,"1º FÓRUM TEMÁTICO - As Cantigas Medievais Trovadorescas",57740,532
486,"1º FÓRUM TEMÁTICO - As Cantigas Medievais Trovadorescas",1867,"1º FÓRUM TEMÁTICO - As Cantigas Medievais Trovadorescas",57808,1580
486,"1º FÓRUM TEMÁTICO - As Cantigas Medievais Trovadorescas",1867,"1º FÓRUM TEMÁTICO - As Cantigas Medievais Trovadorescas",57883,1601
486,"1º FÓRUM TEMÁTICO - As Cantigas Medievais Trovadorescas",1867,"1º FÓRUM TEMÁTICO - As Cantigas Medievais Trovadorescas",57894,1601
486,"1º FÓRUM TEMÁTICO - As Cantigas Medievais Trovadorescas",1867,"1º FÓRUM TEMÁTICO - As Cantigas Medievais Trovadorescas",58056,1571
486,"1º FÓRUM TEMÁTICO - As Cantigas Medievais Trovadorescas",1867,"1º FÓRUM TEMÁTICO - As Cantigas Medievais Trovadorescas",58062,1571
486,"1º FÓRUM TEMÁTICO - As Cantigas Medievais Trovadorescas",1867,"1º FÓRUM TEMÁTICO - As Cantigas Medievais Trovadorescas",58084,1578
486,"1º FÓRUM TEMÁTICO - As Cantigas Medievais Trovadorescas",1867,"1º FÓRUM TEMÁTICO - As Cantigas Medievais Trovadorescas",58156,1535
486,"1º FÓRUM TEMÁTICO - As Cantigas Medievais Trovadorescas",1867,"1º FÓRUM TEMÁTICO - As Cantigas Medievais Trovadorescas",58179,1539
486,"1º FÓRUM TEMÁTICO - As Cantigas Medievais Trovadorescas",1867,"1º FÓRUM TEMÁTICO - As Cantigas Medievais Trovadorescas",58351,1438
486,"1º FÓRUM TEMÁTICO - As Cantigas Medievais Trovadorescas",1867,"1º FÓRUM TEMÁTICO - As Cantigas Medievais Trovadorescas",58362,1628
486,"1º FÓRUM TEMÁTICO - As Cantigas Medievais Trovadorescas",1867,"1º FÓRUM TEMÁTICO - As Cantigas Medievais Trovadorescas",58389,1540
486,"1º FÓRUM TEMÁTICO - As Cantigas Medievais Trovadorescas",1867,"1º FÓRUM TEMÁTICO - As Cantigas Medievais Trovadorescas",58491,1546
486,"1º FÓRUM TEMÁTICO - As Cantigas Medievais Trovadorescas",1867,"1º FÓRUM TEMÁTICO - As Cantigas Medievais Trovadorescas",58538,1513
486,"1º FÓRUM TEMÁTICO - As Cantigas Medievais Trovadorescas",1867,"1º FÓRUM TEMÁTICO - As Cantigas Medievais Trovadorescas",58550,1506
486,"1º FÓRUM TEMÁTICO - As Cantigas Medievais Trovadorescas",1867,"1º FÓRUM TEMÁTICO - As Cantigas Medievais Trovadorescas",58657,1538
486,"1º FÓRUM TEMÁTICO - As Cantigas Medievais Trovadorescas",1867,"1º FÓRUM TEMÁTICO - As Cantigas Medievais Trovadorescas",58676,1462
486,"1º FÓRUM TEMÁTICO - As Cantigas Medievais Trovadorescas",1867,"1º FÓRUM TEMÁTICO - As Cantigas Medievais Trovadorescas",58680,1412
486,"1º FÓRUM TEMÁTICO - As Cantigas Medievais Trovadorescas",1867,"1º FÓRUM TEMÁTICO - As Cantigas Medievais Trovadorescas",58712,1587
486,"1º FÓRUM TEMÁTICO - As Cantigas Medievais Trovadorescas",1867,"1º FÓRUM TEMÁTICO - As Cantigas Medievais Trovadorescas",58759,1475
486,"1º FÓRUM TEMÁTICO - As Cantigas Medievais Trovadorescas",1867,"1º FÓRUM TEMÁTICO - As Cantigas Medievais Trovadorescas",58781,1567
486,"1º FÓRUM TEMÁTICO - As Cantigas Medievais Trovadorescas",1867,"1º FÓRUM TEMÁTICO - As Cantigas Medievais Trovadorescas",58956,1617
486,"1º FÓRUM TEMÁTICO - As Cantigas Medievais Trovadorescas",1867,"1º FÓRUM TEMÁTICO - As Cantigas Medievais Trovadorescas",58960,1447
486,"1º FÓRUM TEMÁTICO - As Cantigas Medievais Trovadorescas",1867,"1º FÓRUM TEMÁTICO - As Cantigas Medievais Trovadorescas",58971,1504
486,"1º FÓRUM TEMÁTICO - As Cantigas Medievais Trovadorescas",1867,"1º FÓRUM TEMÁTICO - As Cantigas Medievais Trovadorescas",58973,1447
486,"1º FÓRUM TEMÁTICO - As Cantigas Medievais Trovadorescas",1867,"1º FÓRUM TEMÁTICO - As Cantigas Medievais Trovadorescas",58974,1447
486,"1º FÓRUM TEMÁTICO - As Cantigas Medievais Trovadorescas",1867,"1º FÓRUM TEMÁTICO - As Cantigas Medievais Trovadorescas",58992,1534
486,"1º FÓRUM TEMÁTICO - As Cantigas Medievais Trovadorescas",1867,"1º FÓRUM TEMÁTICO - As Cantigas Medievais Trovadorescas",59147,1559
486,"1º FÓRUM TEMÁTICO - As Cantigas Medievais Trovadorescas",1867,"1º FÓRUM TEMÁTICO - As Cantigas Medievais Trovadorescas",59201,1521
486,"1º FÓRUM TEMÁTICO - As Cantigas Medievais Trovadorescas",1867,"1º FÓRUM TEMÁTICO - As Cantigas Medievais Trovadorescas",59209,1530
486,"1º FÓRUM TEMÁTICO - As Cantigas Medievais Trovadorescas",1867,"1º FÓRUM TEMÁTICO - As Cantigas Medievais Trovadorescas",59217,1585
486,"1º FÓRUM TEMÁTICO - As Cantigas Medievais Trovadorescas",1867,"1º FÓRUM TEMÁTICO - As Cantigas Medievais Trovadorescas",59296,1551
486,"1º FÓRUM TEMÁTICO - As Cantigas Medievais Trovadorescas",1867,"1º FÓRUM TEMÁTICO - As Cantigas Medievais Trovadorescas",59316,1441
486,"1º FÓRUM TEMÁTICO - As Cantigas Medievais Trovadorescas",1867,"1º FÓRUM TEMÁTICO - As Cantigas Medievais Trovadorescas",59330,1525
486,"1º FÓRUM TEMÁTICO - As Cantigas Medievais Trovadorescas",1867,"1º FÓRUM TEMÁTICO - As Cantigas Medievais Trovadorescas",59361,455
486,"1º FÓRUM TEMÁTICO - As Cantigas Medievais Trovadorescas",1867,"1º FÓRUM TEMÁTICO - As Cantigas Medievais Trovadorescas",59447,1593
486,"1º FÓRUM TEMÁTICO - As Cantigas Medievais Trovadorescas",1867,"1º FÓRUM TEMÁTICO - As Cantigas Medievais Trovadorescas",59482,1576
486,"1º FÓRUM TEMÁTICO - As Cantigas Medievais Trovadorescas",1867,"1º FÓRUM TEMÁTICO - As Cantigas Medievais Trovadorescas",59491,1508
486,"1º FÓRUM TEMÁTICO - As Cantigas Medievais Trovadorescas",1867,"1º FÓRUM TEMÁTICO - As Cantigas Medievais Trovadorescas",59496,1446
486,"1º FÓRUM TEMÁTICO - As Cantigas Medievais Trovadorescas",1867,"1º FÓRUM TEMÁTICO - As Cantigas Medievais Trovadorescas",59575,1569
486,"1º FÓRUM TEMÁTICO - As Cantigas Medievais Trovadorescas",1867,"1º FÓRUM TEMÁTICO - As Cantigas Medievais Trovadorescas",59635,1455
486,"1º FÓRUM TEMÁTICO - As Cantigas Medievais Trovadorescas",1867,"1º FÓRUM TEMÁTICO - As Cantigas Medievais Trovadorescas",59677,1541
486,"1º FÓRUM TEMÁTICO - As Cantigas Medievais Trovadorescas",1867,"1º FÓRUM TEMÁTICO - As Cantigas Medievais Trovadorescas",59682,1608
486,"1º FÓRUM TEMÁTICO - As Cantigas Medievais Trovadorescas",1867,"1º FÓRUM TEMÁTICO - As Cantigas Medievais Trovadorescas",59921,1580
486,"1º FÓRUM TEMÁTICO - As Cantigas Medievais Trovadorescas",1867,"1º FÓRUM TEMÁTICO - As Cantigas Medievais Trovadorescas",60042,1506
486,"1º FÓRUM TEMÁTICO - As Cantigas Medievais Trovadorescas",1867,"1º FÓRUM TEMÁTICO - As Cantigas Medievais Trovadorescas",60231,1495
486,"1º FÓRUM TEMÁTICO - As Cantigas Medievais Trovadorescas",1867,"1º FÓRUM TEMÁTICO - As Cantigas Medievais Trovadorescas",60251,1556
486,"1º FÓRUM TEMÁTICO - As Cantigas Medievais Trovadorescas",1867,"1º FÓRUM TEMÁTICO - As Cantigas Medievais Trovadorescas",60295,1424
486,"1º FÓRUM TEMÁTICO - As Cantigas Medievais Trovadorescas",1867,"1º FÓRUM TEMÁTICO - As Cantigas Medievais Trovadorescas",60303,1572
486,"1º FÓRUM TEMÁTICO - As Cantigas Medievais Trovadorescas",1867,"1º FÓRUM TEMÁTICO - As Cantigas Medievais Trovadorescas",60320,1601
486,"1º FÓRUM TEMÁTICO - As Cantigas Medievais Trovadorescas",1867,"1º FÓRUM TEMÁTICO - As Cantigas Medievais Trovadorescas",60389,1553
486,"1º FÓRUM TEMÁTICO - As Cantigas Medievais Trovadorescas",1867,"1º FÓRUM TEMÁTICO - As Cantigas Medievais Trovadorescas",60475,1413
486,"1º FÓRUM TEMÁTICO - As Cantigas Medievais Trovadorescas",1867,"1º FÓRUM TEMÁTICO - As Cantigas Medievais Trovadorescas",60507,1510
486,"1º FÓRUM TEMÁTICO - As Cantigas Medievais Trovadorescas",1867,"1º FÓRUM TEMÁTICO - As Cantigas Medievais Trovadorescas",60580,1464
486,"1º FÓRUM TEMÁTICO - As Cantigas Medievais Trovadorescas",1867,"1º FÓRUM TEMÁTICO - As Cantigas Medievais Trovadorescas",60604,1473
486,"1º FÓRUM TEMÁTICO - As Cantigas Medievais Trovadorescas",1867,"1º FÓRUM TEMÁTICO - As Cantigas Medievais Trovadorescas",60636,1482
486,"1º FÓRUM TEMÁTICO - As Cantigas Medievais Trovadorescas",1867,"1º FÓRUM TEMÁTICO - As Cantigas Medievais Trovadorescas",60643,1586
486,"1º FÓRUM TEMÁTICO - As Cantigas Medievais Trovadorescas",1867,"1º FÓRUM TEMÁTICO - As Cantigas Medievais Trovadorescas",60668,1470
486,"1º FÓRUM TEMÁTICO - As Cantigas Medievais Trovadorescas",1867,"1º FÓRUM TEMÁTICO - As Cantigas Medievais Trovadorescas",60717,1598
486,"1º FÓRUM TEMÁTICO - As Cantigas Medievais Trovadorescas",1867,"1º FÓRUM TEMÁTICO - As Cantigas Medievais Trovadorescas",60734,1579
486,"1º FÓRUM TEMÁTICO - As Cantigas Medievais Trovadorescas",1867,"1º FÓRUM TEMÁTICO - As Cantigas Medievais Trovadorescas",60744,1518
486,"1º FÓRUM TEMÁTICO - As Cantigas Medievais Trovadorescas",1867,"1º FÓRUM TEMÁTICO - As Cantigas Medievais Trovadorescas",60783,1445
486,"1º FÓRUM TEMÁTICO - As Cantigas Medievais Trovadorescas",1867,"1º FÓRUM TEMÁTICO - As Cantigas Medievais Trovadorescas",60872,1623
486,"1º FÓRUM TEMÁTICO - As Cantigas Medievais Trovadorescas",1867,"1º FÓRUM TEMÁTICO - As Cantigas Medievais Trovadorescas",60919,1568
486,"1º FÓRUM TEMÁTICO - As Cantigas Medievais Trovadorescas",1867,"1º FÓRUM TEMÁTICO - As Cantigas Medievais Trovadorescas",60946,1477
486,"1º FÓRUM TEMÁTICO - As Cantigas Medievais Trovadorescas",1867,"1º FÓRUM TEMÁTICO - As Cantigas Medievais Trovadorescas",60957,496
486,"1º FÓRUM TEMÁTICO - As Cantigas Medievais Trovadorescas",1867,"1º FÓRUM TEMÁTICO - As Cantigas Medievais Trovadorescas",60974,1610
486,"1º FÓRUM TEMÁTICO - As Cantigas Medievais Trovadorescas",1867,"1º FÓRUM TEMÁTICO - As Cantigas Medievais Trovadorescas",61008,1415
486,"1º FÓRUM TEMÁTICO - As Cantigas Medievais Trovadorescas",1867,"1º FÓRUM TEMÁTICO - As Cantigas Medievais Trovadorescas",61030,1564
486,"1º FÓRUM TEMÁTICO - As Cantigas Medievais Trovadorescas",1867,"1º FÓRUM TEMÁTICO - As Cantigas Medievais Trovadorescas",61102,1594
486,"1º FÓRUM TEMÁTICO - As Cantigas Medievais Trovadorescas",1867,"1º FÓRUM TEMÁTICO - As Cantigas Medievais Trovadorescas",61157,1411
486,"1º FÓRUM TEMÁTICO - As Cantigas Medievais Trovadorescas",1867,"1º FÓRUM TEMÁTICO - As Cantigas Medievais Trovadorescas",61292,1603
486,"1º FÓRUM TEMÁTICO - As Cantigas Medievais Trovadorescas",1867,"1º FÓRUM TEMÁTICO - As Cantigas Medievais Trovadorescas",61378,525
486,"1º FÓRUM TEMÁTICO - As Cantigas Medievais Trovadorescas",1867,"1º FÓRUM TEMÁTICO - As Cantigas Medievais Trovadorescas",61379,1581
486,"1º FÓRUM TEMÁTICO - As Cantigas Medievais Trovadorescas",1867,"1º FÓRUM TEMÁTICO - As Cantigas Medievais Trovadorescas",61398,496
486,"1º FÓRUM TEMÁTICO - As Cantigas Medievais Trovadorescas",1867,"1º FÓRUM TEMÁTICO - As Cantigas Medievais Trovadorescas",61415,457
486,"1º FÓRUM TEMÁTICO - As Cantigas Medievais Trovadorescas",1867,"1º FÓRUM TEMÁTICO - As Cantigas Medievais Trovadorescas",61424,1557
486,"1º FÓRUM TEMÁTICO - As Cantigas Medievais Trovadorescas",1867,"1º FÓRUM TEMÁTICO - As Cantigas Medievais Trovadorescas",61525,1596
486,"1º FÓRUM TEMÁTICO - As Cantigas Medievais Trovadorescas",1867,"1º FÓRUM TEMÁTICO - As Cantigas Medievais Trovadorescas",61595,1548
486,"1º FÓRUM TEMÁTICO - As Cantigas Medievais Trovadorescas",1867,"1º FÓRUM TEMÁTICO - As Cantigas Medievais Trovadorescas",61651,1621
486,"1º FÓRUM TEMÁTICO - As Cantigas Medievais Trovadorescas",1867,"1º FÓRUM TEMÁTICO - As Cantigas Medievais Trovadorescas",61843,1448
486,"1º FÓRUM TEMÁTICO - As Cantigas Medievais Trovadorescas",1867,"1º FÓRUM TEMÁTICO - As Cantigas Medievais Trovadorescas",61894,383
486,"1º FÓRUM TEMÁTICO - As Cantigas Medievais Trovadorescas",1867,"1º FÓRUM TEMÁTICO - As Cantigas Medievais Trovadorescas",62016,1537
486,"1º FÓRUM TEMÁTICO - As Cantigas Medievais Trovadorescas",1867,"1º FÓRUM TEMÁTICO - As Cantigas Medievais Trovadorescas",62118,1469
486,"1º FÓRUM TEMÁTICO - As Cantigas Medievais Trovadorescas",1867,"1º FÓRUM TEMÁTICO - As Cantigas Medievais Trovadorescas",62232,1467
486,"1º FÓRUM TEMÁTICO - As Cantigas Medievais Trovadorescas",1867,"1º FÓRUM TEMÁTICO - As Cantigas Medievais Trovadorescas",62234,1486
486,"1º FÓRUM TEMÁTICO - As Cantigas Medievais Trovadorescas",1867,"1º FÓRUM TEMÁTICO - As Cantigas Medievais Trovadorescas",62249,384
486,"1º FÓRUM TEMÁTICO - As Cantigas Medievais Trovadorescas",1867,"1º FÓRUM TEMÁTICO - As Cantigas Medievais Trovadorescas",62274,1486
486,"1º FÓRUM TEMÁTICO - As Cantigas Medievais Trovadorescas",1867,"1º FÓRUM TEMÁTICO - As Cantigas Medievais Trovadorescas",62327,1542
486,"1º FÓRUM TEMÁTICO - As Cantigas Medievais Trovadorescas",1867,"1º FÓRUM TEMÁTICO - As Cantigas Medievais Trovadorescas",62342,1599
486,"1º FÓRUM TEMÁTICO - As Cantigas Medievais Trovadorescas",1867,"1º FÓRUM TEMÁTICO - As Cantigas Medievais Trovadorescas",62407,1420
486,"1º FÓRUM TEMÁTICO - As Cantigas Medievais Trovadorescas",1867,"1º FÓRUM TEMÁTICO - As Cantigas Medievais Trovadorescas",62514,1527
486,"1º FÓRUM TEMÁTICO - As Cantigas Medievais Trovadorescas",1867,"1º FÓRUM TEMÁTICO - As Cantigas Medievais Trovadorescas",62524,455
486,"1º FÓRUM TEMÁTICO - As Cantigas Medievais Trovadorescas",1867,"1º FÓRUM TEMÁTICO - As Cantigas Medievais Trovadorescas",62537,1487
486,"1º FÓRUM TEMÁTICO - As Cantigas Medievais Trovadorescas",1867,"1º FÓRUM TEMÁTICO - As Cantigas Medievais Trovadorescas",62548,1420
486,"1º FÓRUM TEMÁTICO - As Cantigas Medievais Trovadorescas",1867,"1º FÓRUM TEMÁTICO - As Cantigas Medievais Trovadorescas",62622,1550
486,"1º FÓRUM TEMÁTICO - As Cantigas Medievais Trovadorescas",1867,"1º FÓRUM TEMÁTICO - As Cantigas Medievais Trovadorescas",62668,1423
486,"1º FÓRUM TEMÁTICO - As Cantigas Medievais Trovadorescas",1867,"1º FÓRUM TEMÁTICO - As Cantigas Medievais Trovadorescas",62724,1439
486,"1º FÓRUM TEMÁTICO - As Cantigas Medievais Trovadorescas",1867,"1º FÓRUM TEMÁTICO - As Cantigas Medievais Trovadorescas",62861,1623
486,"1º FÓRUM TEMÁTICO - As Cantigas Medievais Trovadorescas",1867,"1º FÓRUM TEMÁTICO - As Cantigas Medievais Trovadorescas",62909,1600
486,"1º FÓRUM TEMÁTICO - As Cantigas Medievais Trovadorescas",1867,"1º FÓRUM TEMÁTICO - As Cantigas Medievais Trovadorescas",62967,1500
486,"1º FÓRUM TEMÁTICO - As Cantigas Medievais Trovadorescas",1867,"1º FÓRUM TEMÁTICO - As Cantigas Medievais Trovadorescas",63014,1425
486,"1º FÓRUM TEMÁTICO - As Cantigas Medievais Trovadorescas",1867,"1º FÓRUM TEMÁTICO - As Cantigas Medievais Trovadorescas",63032,1460
486,"1º FÓRUM TEMÁTICO - As Cantigas Medievais Trovadorescas",1867,"1º FÓRUM TEMÁTICO - As Cantigas Medievais Trovadorescas",63143,1522
486,"1º FÓRUM TEMÁTICO - As Cantigas Medievais Trovadorescas",1867,"1º FÓRUM TEMÁTICO - As Cantigas Medievais Trovadorescas",63146,1429
486,"1º FÓRUM TEMÁTICO - As Cantigas Medievais Trovadorescas",1867,"1º FÓRUM TEMÁTICO - As Cantigas Medievais Trovadorescas",63178,1562
486,"1º FÓRUM TEMÁTICO - As Cantigas Medievais Trovadorescas",1867,"1º FÓRUM TEMÁTICO - As Cantigas Medievais Trovadorescas",63212,1597
486,"1º FÓRUM TEMÁTICO - As Cantigas Medievais Trovadorescas",1867,"1º FÓRUM TEMÁTICO - As Cantigas Medievais Trovadorescas",63227,1436
486,"1º FÓRUM TEMÁTICO - As Cantigas Medievais Trovadorescas",1867,"1º FÓRUM TEMÁTICO - As Cantigas Medievais Trovadorescas",63252,1468
486,"1º FÓRUM TEMÁTICO - As Cantigas Medievais Trovadorescas",1867,"1º FÓRUM TEMÁTICO - As Cantigas Medievais Trovadorescas",63292,2014
486,"1º FÓRUM TEMÁTICO - As Cantigas Medievais Trovadorescas",1867,"1º FÓRUM TEMÁTICO - As Cantigas Medievais Trovadorescas",63337,2014
486,"1º FÓRUM TEMÁTICO - As Cantigas Medievais Trovadorescas",1867,"1º FÓRUM TEMÁTICO - As Cantigas Medievais Trovadorescas",63364,1480
486,"1º FÓRUM TEMÁTICO - As Cantigas Medievais Trovadorescas",1867,"1º FÓRUM TEMÁTICO - As Cantigas Medievais Trovadorescas",63374,2014
486,"1º FÓRUM TEMÁTICO - As Cantigas Medievais Trovadorescas",1867,"1º FÓRUM TEMÁTICO - As Cantigas Medievais Trovadorescas",63380,1485
486,"1º FÓRUM TEMÁTICO - As Cantigas Medievais Trovadorescas",1867,"1º FÓRUM TEMÁTICO - As Cantigas Medievais Trovadorescas",63476,1566
486,"1º FÓRUM TEMÁTICO - As Cantigas Medievais Trovadorescas",1867,"1º FÓRUM TEMÁTICO - As Cantigas Medievais Trovadorescas",63481,1573
486,"1º FÓRUM TEMÁTICO - As Cantigas Medievais Trovadorescas",1867,"1º FÓRUM TEMÁTICO - As Cantigas Medievais Trovadorescas",63497,1573
486,"1º FÓRUM TEMÁTICO - As Cantigas Medievais Trovadorescas",1867,"1º FÓRUM TEMÁTICO - As Cantigas Medievais Trovadorescas",63560,1595
486,"1º FÓRUM TEMÁTICO - As Cantigas Medievais Trovadorescas",1867,"1º FÓRUM TEMÁTICO - As Cantigas Medievais Trovadorescas",63584,1583
486,"1º FÓRUM TEMÁTICO - As Cantigas Medievais Trovadorescas",1867,"1º FÓRUM TEMÁTICO - As Cantigas Medievais Trovadorescas",63585,1583
486,"1º FÓRUM TEMÁTICO - As Cantigas Medievais Trovadorescas",1867,"1º FÓRUM TEMÁTICO - As Cantigas Medievais Trovadorescas",63669,1590
486,"1º FÓRUM TEMÁTICO - As Cantigas Medievais Trovadorescas",1867,"1º FÓRUM TEMÁTICO - As Cantigas Medievais Trovadorescas",63868,1565
486,"1º FÓRUM TEMÁTICO - As Cantigas Medievais Trovadorescas",1867,"1º FÓRUM TEMÁTICO - As Cantigas Medievais Trovadorescas",63915,490
486,"1º FÓRUM TEMÁTICO - As Cantigas Medievais Trovadorescas",1867,"1º FÓRUM TEMÁTICO - As Cantigas Medievais Trovadorescas",64012,1553
486,"1º FÓRUM TEMÁTICO - As Cantigas Medievais Trovadorescas",1867,"1º FÓRUM TEMÁTICO - As Cantigas Medievais Trovadorescas",64037,1497
486,"1º FÓRUM TEMÁTICO - As Cantigas Medievais Trovadorescas",1867,"1º FÓRUM TEMÁTICO - As Cantigas Medievais Trovadorescas",64058,1432
486,"1º FÓRUM TEMÁTICO - As Cantigas Medievais Trovadorescas",1867,"1º FÓRUM TEMÁTICO - As Cantigas Medievais Trovadorescas",64059,1614
486,"1º FÓRUM TEMÁTICO - As Cantigas Medievais Trovadorescas",1867,"1º FÓRUM TEMÁTICO - As Cantigas Medievais Trovadorescas",64125,2044
486,"1º FÓRUM TEMÁTICO - As Cantigas Medievais Trovadorescas",1867,"1º FÓRUM TEMÁTICO - As Cantigas Medievais Trovadorescas",64202,1552
486,"1º FÓRUM TEMÁTICO - As Cantigas Medievais Trovadorescas",1867,"1º FÓRUM TEMÁTICO - As Cantigas Medievais Trovadorescas",64220,1982
486,"1º FÓRUM TEMÁTICO - As Cantigas Medievais Trovadorescas",1867,"1º FÓRUM TEMÁTICO - As Cantigas Medievais Trovadorescas",64277,1982
486,"1º FÓRUM TEMÁTICO - As Cantigas Medievais Trovadorescas",1867,"1º FÓRUM TEMÁTICO - As Cantigas Medievais Trovadorescas",64278,1982
486,"1º FÓRUM TEMÁTICO - As Cantigas Medievais Trovadorescas",1867,"1º FÓRUM TEMÁTICO - As Cantigas Medievais Trovadorescas",64329,1498
486,"1º FÓRUM TEMÁTICO - As Cantigas Medievais Trovadorescas",1867,"1º FÓRUM TEMÁTICO - As Cantigas Medievais Trovadorescas",64427,1604
486,"1º FÓRUM TEMÁTICO - As Cantigas Medievais Trovadorescas",1867,"1º FÓRUM TEMÁTICO - As Cantigas Medievais Trovadorescas",64480,1494
486,"1º FÓRUM TEMÁTICO - As Cantigas Medievais Trovadorescas",1867,"1º FÓRUM TEMÁTICO - As Cantigas Medievais Trovadorescas",64535,1494
486,"1º FÓRUM TEMÁTICO - As Cantigas Medievais Trovadorescas",1867,"1º FÓRUM TEMÁTICO - As Cantigas Medievais Trovadorescas",64616,1548
486,"1º FÓRUM TEMÁTICO - As Cantigas Medievais Trovadorescas",1867,"1º FÓRUM TEMÁTICO - As Cantigas Medievais Trovadorescas",64661,1466
486,"1º FÓRUM TEMÁTICO - As Cantigas Medievais Trovadorescas",1867,"1º FÓRUM TEMÁTICO - As Cantigas Medievais Trovadorescas",64780,1502
486,"1º FÓRUM TEMÁTICO - As Cantigas Medievais Trovadorescas",1867,"1º FÓRUM TEMÁTICO - As Cantigas Medievais Trovadorescas",64800,1627
486,"1º FÓRUM TEMÁTICO - As Cantigas Medievais Trovadorescas",1867,"1º FÓRUM TEMÁTICO - As Cantigas Medievais Trovadorescas",64822,1591
486,"1º FÓRUM TEMÁTICO - As Cantigas Medievais Trovadorescas",1867,"1º FÓRUM TEMÁTICO - As Cantigas Medievais Trovadorescas",64914,1591
486,"1º FÓRUM TEMÁTICO - As Cantigas Medievais Trovadorescas",1867,"1º FÓRUM TEMÁTICO - As Cantigas Medievais Trovadorescas",64925,1629
486,"1º FÓRUM TEMÁTICO - As Cantigas Medievais Trovadorescas",1867,"1º FÓRUM TEMÁTICO - As Cantigas Medievais Trovadorescas",65008,479
486,"1º FÓRUM TEMÁTICO - As Cantigas Medievais Trovadorescas",1867,"1º FÓRUM TEMÁTICO - As Cantigas Medievais Trovadorescas",65419,1556
486,"1º FÓRUM TEMÁTICO - As Cantigas Medievais Trovadorescas",1867,"1º FÓRUM TEMÁTICO - As Cantigas Medievais Trovadorescas",65420,1556
486,"1º FÓRUM TEMÁTICO - As Cantigas Medievais Trovadorescas",1867,"1º FÓRUM TEMÁTICO - As Cantigas Medievais Trovadorescas",65756,1412
486,"1º FÓRUM TEMÁTICO - As Cantigas Medievais Trovadorescas",1867,"1º FÓRUM TEMÁTICO - As Cantigas Medievais Trovadorescas",65779,1556
486,"1º FÓRUM TEMÁTICO - As Cantigas Medievais Trovadorescas",1867,"1º FÓRUM TEMÁTICO - As Cantigas Medievais Trovadorescas",65785,1556
487,"2º FÓRUM TEMÁTICO - Os Lusíadas e o gênero épico renascentista",1868,"2º FÓRUM TEMÁTICO - Os Lusíadas e o gênero épico renascentista",65269,389
487,"2º FÓRUM TEMÁTICO - Os Lusíadas e o gênero épico renascentista",1868,"2º FÓRUM TEMÁTICO - Os Lusíadas e o gênero épico renascentista",65605,1616
487,"2º FÓRUM TEMÁTICO - Os Lusíadas e o gênero épico renascentista",1868,"2º FÓRUM TEMÁTICO - Os Lusíadas e o gênero épico renascentista",65725,1546
487,"2º FÓRUM TEMÁTICO - Os Lusíadas e o gênero épico renascentista",1868,"2º FÓRUM TEMÁTICO - Os Lusíadas e o gênero épico renascentista",65808,1615
487,"2º FÓRUM TEMÁTICO - Os Lusíadas e o gênero épico renascentista",1868,"2º FÓRUM TEMÁTICO - Os Lusíadas e o gênero épico renascentista",65809,1615
487,"2º FÓRUM TEMÁTICO - Os Lusíadas e o gênero épico renascentista",1868,"2º FÓRUM TEMÁTICO - Os Lusíadas e o gênero épico renascentista",65841,1488
487,"2º FÓRUM TEMÁTICO - Os Lusíadas e o gênero épico renascentista",1868,"2º FÓRUM TEMÁTICO - Os Lusíadas e o gênero épico renascentista",65881,1490
487,"2º FÓRUM TEMÁTICO - Os Lusíadas e o gênero épico renascentista",1868,"2º FÓRUM TEMÁTICO - Os Lusíadas e o gênero épico renascentista",65998,524
487,"2º FÓRUM TEMÁTICO - Os Lusíadas e o gênero épico renascentista",1868,"2º FÓRUM TEMÁTICO - Os Lusíadas e o gênero épico renascentista",65999,524
487,"2º FÓRUM TEMÁTICO - Os Lusíadas e o gênero épico renascentista",1868,"2º FÓRUM TEMÁTICO - Os Lusíadas e o gênero épico renascentista",66081,1556
487,"2º FÓRUM TEMÁTICO - Os Lusíadas e o gênero épico renascentista",1868,"2º FÓRUM TEMÁTICO - Os Lusíadas e o gênero épico renascentista",66229,1601
487,"2º FÓRUM TEMÁTICO - Os Lusíadas e o gênero épico renascentista",1868,"2º FÓRUM TEMÁTICO - Os Lusíadas e o gênero épico renascentista",66317,1483
487,"2º FÓRUM TEMÁTICO - Os Lusíadas e o gênero épico renascentista",1868,"2º FÓRUM TEMÁTICO - Os Lusíadas e o gênero épico renascentista",66321,1444
487,"2º FÓRUM TEMÁTICO - Os Lusíadas e o gênero épico renascentista",1868,"2º FÓRUM TEMÁTICO - Os Lusíadas e o gênero épico renascentista",66541,1624
487,"2º FÓRUM TEMÁTICO - Os Lusíadas e o gênero épico renascentista",1868,"2º FÓRUM TEMÁTICO - Os Lusíadas e o gênero épico renascentista",66588,467
487,"2º FÓRUM TEMÁTICO - Os Lusíadas e o gênero épico renascentista",1868,"2º FÓRUM TEMÁTICO - Os Lusíadas e o gênero épico renascentista",66643,1556
487,"2º FÓRUM TEMÁTICO - Os Lusíadas e o gênero épico renascentista",1868,"2º FÓRUM TEMÁTICO - Os Lusíadas e o gênero épico renascentista",66644,1556
487,"2º FÓRUM TEMÁTICO - Os Lusíadas e o gênero épico renascentista",1868,"2º FÓRUM TEMÁTICO - Os Lusíadas e o gênero épico renascentista",66724,1513
487,"2º FÓRUM TEMÁTICO - Os Lusíadas e o gênero épico renascentista",1868,"2º FÓRUM TEMÁTICO - Os Lusíadas e o gênero épico renascentista",66752,1502
487,"2º FÓRUM TEMÁTICO - Os Lusíadas e o gênero épico renascentista",1868,"2º FÓRUM TEMÁTICO - Os Lusíadas e o gênero épico renascentista",66788,1490
487,"2º FÓRUM TEMÁTICO - Os Lusíadas e o gênero épico renascentista",1868,"2º FÓRUM TEMÁTICO - Os Lusíadas e o gênero épico renascentista",66797,524
487,"2º FÓRUM TEMÁTICO - Os Lusíadas e o gênero épico renascentista",1868,"2º FÓRUM TEMÁTICO - Os Lusíadas e o gênero épico renascentista",66798,524
487,"2º FÓRUM TEMÁTICO - Os Lusíadas e o gênero épico renascentista",1868,"2º FÓRUM TEMÁTICO - Os Lusíadas e o gênero épico renascentista",66834,1534
487,"2º FÓRUM TEMÁTICO - Os Lusíadas e o gênero épico renascentista",1868,"2º FÓRUM TEMÁTICO - Os Lusíadas e o gênero épico renascentista",66861,1527
487,"2º FÓRUM TEMÁTICO - Os Lusíadas e o gênero épico renascentista",1868,"2º FÓRUM TEMÁTICO - Os Lusíadas e o gênero épico renascentista",67018,1422
487,"2º FÓRUM TEMÁTICO - Os Lusíadas e o gênero épico renascentista",1868,"2º FÓRUM TEMÁTICO - Os Lusíadas e o gênero épico renascentista",67034,1488
487,"2º FÓRUM TEMÁTICO - Os Lusíadas e o gênero épico renascentista",1868,"2º FÓRUM TEMÁTICO - Os Lusíadas e o gênero épico renascentista",67053,1488
487,"2º FÓRUM TEMÁTICO - Os Lusíadas e o gênero épico renascentista",1868,"2º FÓRUM TEMÁTICO - Os Lusíadas e o gênero épico renascentista",67072,1446
